{
  "N": 8,
  "k": 4,
  "base_acc": 0.6180999875068665,
  "solo_acc": [
    0.26249998807907104,
    0.22529999911785126,
    0.27309998869895935,
    0.14309999346733093,
    0.18250000476837158,
    0.26190000772476196,
    0.14190000295639038,
    0.24469999969005585
  ],
  "R": 0.350873648999127,
  "diag_mean": 0.5820011645555496,
  "offdiag_mean": 0.17812766281089612,
  "agree_mean": 0.10943214315921068,
  "agree_min": 0.04749999940395355,
  "rank_acc": [
    0.5873000025749207,
    0.34389999508857727,
    0.2076999992132187,
    0.16869999468326569,
    0.14499999582767487,
    0.11400000005960464,
    0.09359999746084213,
    0.07479999959468842
  ],
  "rank_p": [
    0.7211466431617737,
    0.14941264688968658,
    0.05749165639281273,
    0.031114311888813972,
    0.01912674494087696,
    0.011802786029875278,
    0.006790881510823965,
    0.003114371094852686
  ],
  "swap_acc_mean": 0.29254000186920165,
  "swap_acc_std": 0.003789771172407818
}