{
  "N": 16,
  "k": 4,
  "base_acc": 0.6129999756813049,
  "solo_acc": [
    0.15940000116825104,
    0.19789999723434448,
    0.14300000667572021,
    0.11379999667406082,
    0.14499999582767487,
    0.11699999868869781,
    0.1265999972820282,
    0.14869999885559082,
    0.1467999964952469,
    0.15629999339580536,
    0.1687999963760376,
    0.14710000157356262,
    0.13590000569820404,
    0.15639999508857727,
    0.13600000739097595,
    0.16500000655651093
  ],
  "R": 0.24099715423665066,
  "diag_mean": 0.5525306556373835,
  "offdiag_mean": 0.12040933570048461,
  "agree_mean": 0.0656708332709968,
  "agree_min": 0.007600000128149986,
  "rank_acc": [
    0.565500020980835,
    0.38370001316070557,
    0.26260000467300415,
    0.18970000743865967,
    0.15520000457763672,
    0.13230000436306,
    0.11819999665021896,
    0.09730000048875809,
    0.07999999821186066,
    0.07590000331401825,
    0.06530000269412994,
    0.05829999968409538,
    0.05429999902844429,
    0.053300000727176666,
    0.038600001484155655,
    0.03350000083446503
  ],
  "rank_p": [
    0.5363187789916992,
    0.17029023170471191,
    0.0862598866224289,
    0.055834315717220306,
    0.039177101105451584,
    0.028678378090262413,
    0.021426400169730186,
    0.016363302245736122,
    0.012607046402990818,
    0.009730726480484009,
    0.0074864402413368225,
    0.005682786460965872,
    0.00421425374224782,
    0.002982925856485963,
    0.0019237943924963474,
    0.0010236704256385565
  ],
  "swap_acc_mean": 0.25514000058174136,
  "swap_acc_std": 0.0032867007611455975
}