{
  "N": 8,
  "k": 8,
  "base_acc": 0.6078000068664551,
  "solo_acc": [
    0.03970000147819519,
    0.013899999670684338,
    0.024800000712275505,
    0.023099999874830246,
    0.027000000700354576,
    0.019999999552965164,
    0.6075000166893005,
    0.04659999907016754
  ],
  "R": 0.1650625223514351,
  "diag_mean": 0.46157172322273254,
  "offdiag_mean": 0.08155269488426191,
  "agree_mean": 0.08129999949596822,
  "agree_min": 0.012500000186264515,
  "rank_acc": [
    0.6068000197410583,
    0.0406000018119812,
    0.04259999841451645,
    0.021400000900030136,
    0.02250000089406967,
    0.02199999988079071,
    0.02419999986886978,
    0.02250000089406967
  ],
  "rank_p": [
    0.9854508638381958,
    0.013242855668067932,
    0.0002368962741456926,
    0.00021805956203024834,
    0.00021597399609163404,
    0.0002142351440852508,
    0.00021235938766039908,
    0.00020870704611297697
  ],
  "swap_acc_mean": 0.10763999968767166,
  "swap_acc_std": 0.0025515469014340303
}