{
  "N": 16,
  "k": 8,
  "base_acc": 0.6062999963760376,
  "solo_acc": [
    0.274399995803833,
    0.219200000166893,
    0.2831000089645386,
    0.27619999647140503,
    0.15360000729560852,
    0.17509999871253967,
    0.2295999974012375,
    0.18529999256134033,
    0.19470000267028809,
    0.2206999957561493,
    0.17069999873638153,
    0.1590999960899353,
    0.16750000417232513,
    0.27079999446868896,
    0.17470000684261322,
    0.267300009727478
  ],
  "R": 0.3527544147178743,
  "diag_mean": 0.5590577989816665,
  "offdiag_mean": 0.19771119787047306,
  "agree_mean": 0.1709291665038715,
  "agree_min": 0.020899999886751175,
  "rank_acc": [
    0.5698999762535095,
    0.3711000084877014,
    0.2678000032901764,
    0.20389999449253082,
    0.1876000016927719,
    0.219200000166893,
    0.25380000472068787,
    0.26260000467300415,
    0.25360000133514404,
    0.23109999299049377,
    0.1835000067949295,
    0.13379999995231628,
    0.10050000250339508,
    0.07689999788999557,
    0.061400000005960464,
    0.04529999941587448
  ],
  "rank_p": [
    0.664209246635437,
    0.15930159389972687,
    0.062203723937273026,
    0.029575347900390625,
    0.016609372571110725,
    0.010655646212399006,
    0.008546886034309864,
    0.00808686949312687,
    0.008029080927371979,
    0.007985574193298817,
    0.007700285874307156,
    0.006662746425718069,
    0.00489117531105876,
    0.003061904339119792,
    0.0017102622659876943,
    0.0007702473667450249
  ],
  "swap_acc_mean": 0.2842199981212616,
  "swap_acc_std": 0.001434429296488787
}