{
  "N": 8,
  "k": 1,
  "base_acc": 0.5616000294685364,
  "solo_acc": [
    0.4408999979496002,
    0.4034999907016754,
    0.4253000020980835,
    0.4381999969482422,
    0.41999998688697815,
    0.4246000051498413,
    0.4620000123977661,
    0.4260999858379364
  ],
  "R": 0.765803017591117,
  "diag_mean": 0.5589177384972572,
  "offdiag_mean": 0.4097168541380337,
  "agree_mean": 0.4504071431500571,
  "agree_min": 0.37619999051094055,
  "rank_acc": [
    0.5616000294685364,
    0.5230000019073486,
    0.4871000051498413,
    0.45809999108314514,
    0.41620001196861267,
    0.3817000091075897,
    0.33649998903274536,
    0.27639999985694885
  ],
  "rank_p": [
    0.12834881246089935,
    0.12718786299228668,
    0.1263018250465393,
    0.12553057074546814,
    0.12477143853902817,
    0.12390097975730896,
    0.12277118116617203,
    0.12118734419345856
  ],
  "swap_acc_mean": 0.4312000036239624,
  "swap_acc_std": 0.0027633334501856984
}