{
  "N": 16,
  "k": 1,
  "base_acc": 0.5453000068664551,
  "solo_acc": [
    0.3970000147819519,
    0.3246999979019165,
    0.41839998960494995,
    0.3783999979496002,
    0.30379998683929443,
    0.42640000581741333,
    0.2856000065803528,
    0.3885999917984009,
    0.39239999651908875,
    0.4083999991416931,
    0.3296999931335449,
    0.37070000171661377,
    0.4115000069141388,
    0.3499999940395355,
    0.4271000027656555,
    0.37549999356269836
  ],
  "R": 0.6863423692993563,
  "diag_mean": 0.5441987011581659,
  "offdiag_mean": 0.3607011508817474,
  "agree_mean": 0.36898666694760324,
  "agree_min": 0.17649999260902405,
  "rank_acc": [
    0.5453000068664551,
    0.5110999941825867,
    0.4900999963283539,
    0.46790000796318054,
    0.4507000148296356,
    0.4269999861717224,
    0.4088999927043915,
    0.3950999975204468,
    0.3781000077724457,
    0.35280001163482666,
    0.33709999918937683,
    0.31700000166893005,
    0.2865999937057495,
    0.25769999623298645,
    0.2152000069618225,
    0.147599995136261
  ],
  "rank_p": [
    0.0645211860537529,
    0.06402114033699036,
    0.06371644139289856,
    0.06346650421619415,
    0.06324741989374161,
    0.06304512172937393,
    0.06284892559051514,
    0.06265293061733246,
    0.06245757266879082,
    0.062260132282972336,
    0.062054626643657684,
    0.061836108565330505,
    0.0615895614027977,
    0.06129880249500275,
    0.060905128717422485,
    0.060078419744968414
  ],
  "swap_acc_mean": 0.37362000346183777,
  "swap_acc_std": 0.0016117032389058753
}