{
  "N": 8,
  "k": 4,
  "base_acc": 0.6528000235557556,
  "solo_acc": [
    0.25929999351501465,
    0.19470000267028809,
    0.2597000002861023,
    0.14339999854564667,
    0.1876000016927719,
    0.24480000138282776,
    0.11599999666213989,
    0.2354000061750412
  ],
  "R": 0.31420418614416673,
  "diag_mean": 0.6131091639399529,
  "offdiag_mean": 0.1582131609985871,
  "agree_mean": 0.08357500058731862,
  "agree_min": 0.027300000190734863,
  "rank_acc": [
    0.6158999800682068,
    0.349700003862381,
    0.20630000531673431,
    0.14990000426769257,
    0.11620000004768372,
    0.09149999916553497,
    0.06159999966621399,
    0.049800001084804535
  ],
  "rank_p": [
    0.7329892516136169,
    0.14916762709617615,
    0.055642060935497284,
    0.028439728543162346,
    0.016360636800527573,
    0.009538132697343826,
    0.005377996247261763,
    0.002484571421518922
  ],
  "swap_acc_mean": 0.2800999999046326,
  "swap_acc_std": 0.0012852922076686845
}